Adaugare categorie,2021-05-13 00:46:51
Afisare categorii,2021-05-13 00:46:54
adaugare companie,2021-05-13 01:13:00
Adaugare categorie,2021-05-24 22:20:43
Afisare categorii,2021-05-24 22:20:47
Adaugare produs,2021-05-24 22:54:23
Adaugare produs,2021-05-24 23:07:00
Adaugare produs,2021-05-24 23:08:11
Afisare produse,2021-05-24 23:08:13
Adaugare categorie,2021-05-26 09:07:20
Adaugare categorie,2021-05-26 09:08:11
Afisare categorii,2021-05-26 09:08:14
Stergere categorie,2021-05-26 09:08:31
Afisare categorii,2021-05-26 09:08:43
Adaugare produs,2021-05-26 09:09:21
Adaugare produs,2021-05-26 09:10:04
Afisare produse,2021-05-26 09:10:08
Afisare produse,2021-05-26 09:10:42
